    Site of Sample,Date of Sample,Notes,Jar/Bag/Vial,IDer,Date of ID,Geometrid,Notodontid,Pyralid,Crambid,Pyraloidea,Erebid,Cossidae,Lasiocampid,Noctuid,Pterophoridae,Nolidae (2021 and 2022 they were counted as pyraloidea),Sphingid,Saturniidae,Species1 ,Species2,Species3 ,Species4,Small Lepidoptera,Total Lepidoptera,Unknown Lepidoptera,Coleoptera,Diptera,Hymenop:Bees,Hymenop:Ants,Hymenop:Wasps,Hymenop:Total,Hemiptera,Trichoptera,Thysanoptera,Neuroptera,Orthoptera,Ephemeroptera,Plecoptera,Dermaptera,Collembola,Protura,Psocodea,Raphidoptera,Phthiraptera,Megaloptera,Arachnids,Unknown
IRON01,7/18/2022,For JH BH,JAR,JESSE HOMZA,n/a,0,0,3,5,8,16,0,3,23,-,-,1,0,1,0,10,0,0,117,57,3,219,0,3,27,34,12,10,-,0,-,,-,0,0,0,0,0,0,0,2,21
IRON02,7/18/2022,For JH BH,JAR,BETH HANEY,n/a,1,6,0,0,0,16,0,1,30,-,-,9,0,5,3,7,0,40,54,3,7,479,0,0,17,17,3,17,-,0,-,1,-,0,0,0,0,0,0,0,0,0
IRON03,7/18/2022,For JH BH,JAR,JESSE HOMZA,n/a,1,0,2,1,3,13,1,6,17,-,-,0,0,2,0,7,0,28,100,1,4,281,0,1,9,10,12,0,-,0,-,0,-,0,0,0,0,0,0,0,5,5
IRON04,7/18/2022,For JH BH,JAR,BETH HANEY,n/a,0,0,0,0,0,20,0,3,34,-,-,8,0,2,0,6,0,37,66,1,0,53,0,0,6,6,2,3,-,0,-,0,-,0,0,0,0,0,0,0,1,0
IRON05,7/18/2022,For JH BH,JAR,JESSE HOMZA,n/a,0,0,0,1,1,29,0,4,31,-,-,4,0,0,2,12,0,79,166,0,0,87,0,0,8,8,2,0,-,0,-,0,-,0,0,0,0,0,0,0,0,5
IRON06,7/18/2022,For JH BH,JAR,JESSE HOMZA,n/a,0,1,2,0,2,15,1,4,18,-,-,3,0,2,0,1,0,29,44,6,1,31,0,0,6,6,0,1,-,0,-,0,-,0,0,0,0,0,0,0,0,2
,,,,,,,,,,,,,,,,,,,,,,,,,,,,,,,,,,,,,,,,,,,,,,,
VISC01,7/28/2021,,JAR,Jesse HOMZA,n/a,13,9,14,21,35,3,1,6,62,-,-,2,,2,0,3,6,,135,43,6,32,12,2,included with bees,14,2,10,-,0,-,,-,0,0,0,0,0,0,0,,33
IRON03,7/28/2021,,JAR,BETH HANEY,n/a,0,0,0,1,1,0,0,0,0,-,-,0,0,0,0,0,0,,1,0,4,9,0,0,61,16,0,,-,0,-,-,-,-,-,-,-,-,-,-,-,
LONG05,7/11/2022,,,,,,,,,,,,,,,,,,,,,,,,,,,,,,,,,,,,,,,,,,,,,,
IRON06,6/24/2021,"wasps- jar was missing tag, I added one in",JAR,JESSE HOMZA,n/a,4,1,4,8,12,6,0,4,45,0,-,3,0,1,2,2,0,21,102,4,0,10,0,0,2,2,1,2,0,0,0,0,1,0,0,0,0,0,0,0,0,0
IRON04,7/5/2022,,JAR,JESSE HOMZA,n/a,16,1,3,1,4,6,0,0,45,0,-,16,1,10,6,3,0,46,135,0,0,566,0,1,4,5,6,0,1,0,0,0,0,0,0,0,0,0,0,0,4,1
VIZC02,7/11/2022,,JAR,Abigial Bower,n/a,6,1,2,3,5,9,1,8,26,20,-,8,1,7,1,5,0,38,139,0,0,177,0,2,6,9,16,4,0,0,0,0,1,0,0,0,0,0,0,0,0,0
Long 02,6/22/2022,For Carlos,JAR,Abigail Bower,n/a,62,51,19,16,35,19,0,34,40,0,-,7,0,4,3,9,7,64,886,12,5,84,0,9,24,27,4,223,0,0,2,0,0,0,0,0,0,0,0,0,1,15
LONG04,7/11/2022,2-Jan,,,,,,,,,,,,,,,,,,,,,,,,,,,,,,,,,,,,,,,,,,,,,
IRON02,7/5/2022,For Carlos,JAR,Abigail Bower,n/a,33,19,3,13,16,15,0,8,30,0,-,17,1,13,4,14,0,56,193,3,17,178,0,0,3,3,3,19,0,0,0,0,8,0,0,0,0,0,0,0,0,214
LONG03,7/11/2022,2-Jan,,,,,,,,,,,,,,,,,,,,,,,,,,,,,,,,,,,,,,,,,,,,,
LONG03,7/11/2022,2-Feb,,,,,,,,,,,,,,,,,,,,,,,,,,,,,,,,,,,,,,,,,,,,,
LONG05,7/5/2022,,JAR,Abigail Bower,n/a,46,10,n/a,n/a,105,8,0,4,118,5,-,18,0,10,13,5,0,150,466,0,20,10,0,2,35,37,13,1,2,0,0,0,0,0,0,0,0,0,0,0,1,
LONG02,7/18/2022,,JAR,Jae Phelps,9/21/23;0/22/23,0,4,n/a,n/a,2,14,1,21,53,0,-,20,0,19,1,5,0,2,115,0,1,13,0,0,1,1,1,0,0,0,0,0,0,4,0,0,,0,0,0,2,6
IRON05,7/5/2022,,,,,,,,,,,,,,,,,,,,,,,,,,,,,,,,,,,,,,,,,,,,,,
LONG04,7/11/2022,2-Feb,JAR,Jesse Homza,n/a,10,8,n/a,n/a,23,9,4,15,50,2,-,1,0,0,1,2,0,153,275,0,2,2,2,19,17,38,11,2,0,0,0,0,0,0,0,0,0,0,0,0,4,1
LONG03,7/5/2022,AB for Carlos,JAR,Abigail Bower,n/a,53,30,4,9,13,32,0,28,30,0,-,45,0,16,7,9,1,93,396,1,3,66,0,0,20,22,6,27,0,0,0,0,1,0,0,0,0,0,0,0,1,31
VIZC01,7/5/2022,,JAR,Jesse Homza,n/a,7,6,0,1,1,8,0,5,92,0,-,7,1,10,7,3,0,34,174,1,1,248,,1,4,9,2,2,0,0,0,0,0,0,0,0,0,0,0,0,2,0
IRON05,7/11/2022,,JAR,Jesse Homza,n/a,2,0,2,5,7,14,3,3,7,0,-,0,0,0,0,9,0,38,74,0,1,267,1,0,4,5,7,3,0,0,0,0,0,0,0,0,0,0,0,0,1,0
VIZC03,7/5/2022,,JAR,Jesse Homza,n/a,7,2,7,8,15,5,0,8,40,0,-,18,0,17,1,3,0,105,197,0,4,284,3,20,4,31,4,9,0,0,0,0,0,0,0,0,0,0,0,0,0,0
LONG04,7/5/2022,,,,,,,,,,,,,,,-,,,,,,,,,,,,,,,,,,,,,,,,,,,,,,,
IRON03,7/5/2022,,JAR,Abigail Bower,n/a,20,12,6,2,8,9,0,11,13,0,-,18,0,8,10,5,3,43,179,0,2,153,0,1,5,6,0,33,0,0,0,0,0,0,0,0,0,0,0,0,2,264
VIZC01,7/11/2022,,JAR,Jesse Homza,n/a,1,4,0,9,9,7,0,2,11,0,-,8,0,7,1,5,0,75,117,0,0,193,0,1,2,3,2,4,2,0,0,0,0,0,0,0,0,0,0,0,2,0
IRON01,7/5/2022,,JAR,Abigail Bower,n/a,3,4,0,1,1,25,2,1,7,2,-,23,1,13,10,24,0,5,74,0,0,20,0,0,2,2,1,5,0,0,0,0,3,0,0,0,0,0,0,0,0,11
LONG02,7/11/2022,,JAR,Abigail Bower,n/a,9,7,1,3,4,5,2,22,23,9,-,24,0,11,13,5,0,18,114,0,1,15,0,0,1,2,1,4,0,0,0,0,18,0,0,0,0,0,0,0,0,18
LONG02,7/5/2022,2-Jan,,,,,,,,,,,,,,-,,,,,,,,,,,,,,,,,,,,,,,,,,,,,,,
LONG01,7/18/2022,,JAR,Abigail Bower,n/a,3,9,0,0,0,3,1,3,3,20,-,2,0,2,0,3,0,3,92,0,0,10,0,0,6,6,7,5,0,0,0,0,18,0,0,0,0,1,0,0,0,1
VIZC04,7/18/2022,,JAR,Jesse Homza,n/a,4,0,1,1,2,4,0,2,7,0,-,3,0,3,0,1,0,29,51,0,8,1025,0,1,9,10,4,48,3,0,0,0,0,0,0,0,0,0,0,0,3,0
IRON01,7/11/2022,,,,,,,,,,,,,,,,,,,,,,,,,,,,,,,,,,,,,,,,,,,,,,
LONG01,7/11/2022,,JAR,Abigail Bower,n/a,2,7,2,8,10,6,0,5,34,10,-,12,0,9,3,3,0,11,142,0,0,33,0,2,5,7,3,11,1,0,0,0,2,0,0,0,0,0,0,0,1,1
VISC02,7/18/2022,,,,,,,,,,,,,,,,,,,,,,,,,,,,,,,,,,,,,,,,,,,,,,
LONG05,7/20/2022,,JAR,Abigail Bower,n/a,5,3,15,20,35,2,0,16,63,20,-,7,0,2,5,2,0,113,272,1,8,40,0,7,28,35,22,0,0,0,0,0,7,0,0,0,0,0,0,0,1,0
LONG03,7/18/2022,,JAR,Abigail Bower,n/a,0,17,2,5,7,26,0,23,48,6,-,22,0,13,9,23,0,10,164,2,2,30,0,1,0,2,22,0,-,1,1,0,3,0,0,0,0,0,0,0,0,0
VIZC03,7/18/2022,,JAR,Jesse Homza,n/a,2,1,0,0,0,4,0,4,32,0,-,11,0,10,1,3,0,21,75,0,2,121,0,9,15,24,4,9,38,0,0,0,0,0,1,0,0,0,0,0,6,1
e,7/18/2022,,,,,,,,,,,,,,,,,,,,,,,,,,,,,,,,,,,,,,,,,,,,,,
LONG04,7/18/2022,,JAR,Jesse Homza,n/a,2,4,0,1,1,9,1,7,37,0,-,8,0,8,0,8,0,27,96,0,1,11,0,12,2,14,5,0,0,0,0,0,0,1,0,0,0,0,0,0,2,0
IRON04,8/1/2022,,,,,,,,,,,,,,,,,,,,,,,,,,,,,,,,,,,,,,,,,,,,,,
LONG03,8/1/2022,2-Jan,JAR,Jesse Homza,n/a,32,0,n/a,n/a,104,19,0,7,69,3,-,3,0,3,0,8,9,1065,1233,1,41,5,0,0,53,53,89,29,0,21,0,0,0,1,0,0,0,0,0,0,1,4
LONG01,8/1/2022,2-Jan,,,,,,,,,,,,,,,,,,,,,,,,,,,,,,,,,,,,,,,,,,,,,
LONG05,8/1/2022,2-Feb,,,,,,,,,,,,,,,,,,,,,,,,,,,,,,,,,,,,,,,,,,,,,
IRON06,8/1/2022,,,,,,,,,,,,,,,,,,,,,,,,,,,,,,,,,,,,,,,,,,,,,,
LONG04,8/1/2022,2-Feb,,,,,,,,,,,,,,,,,,,,,,,,,,,,,,,,,,,,,,,,,,,,,
VIZC01,8/1/2022,2-Jan,no label inside jar,,,,,,,,,,,,,,,,,,,,,,,,,,,,,,,,,,,,,,,,,,,,
VIZC03,8/1/2022,2-Jan,,,,,,,,,,,,,,,,,,,,,,,,,,,,,,,,,,,,,,,,,,,,,
IRON01,8/1/2022,,,,,,,,,,,,,,,,,,,,,,,,,,,,,,,,,,,,,,,,,,,,,,
VIZC01,8/1/2022,2-Feb,,,,,,,,,,,,,,,,,,,,,,,,,,,,,,,,,,,,,,,,,,,,,
VIZC03,8/1/2022,2-Feb,,,,,,,,,,,,,,,,,,,,,,,,,,,,,,,,,,,,,,,,,,,,,
IRON02,8/1/2022,2-Feb,,,,,,,,,,,,,,,,,,,,,,,,,,,,,,,,,,,,,,,,,,,,,
VIZC02,8/1/2022,,,,,,,,,,,,,,,,,,,,,,,,,,,,,,,,,,,,,,,,,,,,,,
LONG01,8/1/2022,2-Feb,JAR,Abigail Bower,n/a,75,4,n/a,n/a,152,90,1,14,247,99,-,1,0,1,0,7,0,413,0,0,55,16,0,0,26,26,72,50,52,6,0,0,4,11,1,0,0,0,0,0,2,5
IRON02,8/1/2022,2-Jan,,,,,,,,,,,,,,,,,,,,,,,,,,,,,,,,,,,,,,,,,,,,,
LONG03,8/1/2022,2-Feb,,,,,,,,,,,,,,,,,,,,,,,,,,,,,,,,,,,,,,,,,,,,,
LONG05,8/1/2022,2-Jan,,,,,,,,,,,,,,,,,,,,,,,,,,,,,,,,,,,,,,,,,,,,,
LONG02,8/1/2022,2-Feb,,,,,,,,,,,,,,,,,,,,,,,,,,,,,,,,,,,,,,,,,,,,,
LONG02,8/1/2022,2-Jan,,,,,,,,,,,,,,,,,,,,,,,,,,,,,,,,,,,,,,,,,,,,,
LONG04,8/1/2022,2-Jan,,,,,,,,,,,,,,,,,,,,,,,,,,,,,,,,,,,,,,,,,,,,,
IRON05,8/1/2022,,,,,,,,,,,,,,,,,,,,,,,,,,,,,,,,,,,,,,,,,,,,,,
VIZC04,8/1/2022,,,,,,,,,,,,,,,,,,,,,,,,,,,,,,,,,,,,,,,,,,,,,,
IRON03,8/1/2022,2-Feb,,Abigail Bower,n/a,1,1,0,1,1,5,,1,2,0,-,25,1,20,5,5,0,0,37,0,0,0,0,0,0,0,0,0,0,0,0,0,1,,,,,,,,,
IRON03,8/1/2022,2-Jan,JAR,Abigail Bower,n/a,79,13,n/a,n/a,450,113,1,6,443,130,-,1,0,1,0,9,0,485,,1,52,29,0,0,66,68,123,50,1,36,0,0,3,0,0,0,0,1,0,0,3,1
LONG02,7/5/2022,2-Feb,JAR,,,,,,,,,,,,,,,,,,,,,,,,,,,,,,,,,,,,,,,,,,,,
VIZC03,7/11/2022,,,,,,,,,,,,,,,,,,,,,,,,,,,,,,,,,,,,,,,,,,,,,,
VIZC04,7/5/2022,,,,,,,,,,,,,,,,,,,,,,,,,,,,,,,,,,,,,,,,,,,,,,
VISC02,7/5/2022,,,,,,,,,,,,,,,,,,,,,,,,,,,,,,,,,,,,,,,,,,,,,,
LONG01,7/5/2022,,NEEDS ETHANOL,,,,,,,,,,,,,,,,,,,,,,,,,,,,,,,,,,,,,,,,,,,,
IRON06,7/11/2022,,,,,,,,,,,,,,,,,,,,,,,,,,,,,,,,,,,,,,,,,,,,,,
IRON01,5/7/2022,2-Feb,,,,,,,,,,,,,,,,,,,,,,,,,,,,,,,,,,,,,,,,,,,,,
IRON02,7/11/2022,,,,,,,,,,,,,,,,,,,,,,,,,,,,,,,,,,,,,,,,,,,,,,
VIZC04,7/11/2022,,,,,,,,,,,,,,,,,,,,,,,,,,,,,,,,,,,,,,,,,,,,,,
IRON03,7/11/2022,,,,,,,,,,,,,,,,,,,,,,,,,,,,,,,,,,,,,,,,,,,,,,
IRON04,7/11/2022,,,,,,,,,,,,,,,,,,,,,,,,,,,,,,,,,,,,,,,,,,,,,,
IRON06,7/5/2022,,Jar,Abigail Bower,n/a,6,4,2,3,5,7,0,5,23,4,-,7,0,4,2,7,0,11,92,0,2,415,0,0,2,2,18,0,0,0,0,0,4,0,0,0,0,0,0,0,1,
LONG03,7/26/2022,2-Jan,,,,,,,,,,,,,,,,,,,,,,,,,,,,,,,,,,,,,,,,,,,,,
VIZC04,7/26/2022,,Jar,Jesse Homza,n/a,2,0,3,2,5,7,1,9,39,0,-,0,0,0,0,1,0,98,161,0,43,2532,2,4,41,47,16,88,2,0,0,0,0,0,0,0,0,0,0,0,3,1
LONG05,7/26/2022,2-Feb,JAR,Jesse Homza,n/a,18,3,n/a,n/a,61,8,2,33,81,5,-,6,0,6,0,2,0,169,386,0,5,19,0,0,21,21,15,6,0,1,1,0,0,0,0,0,0,0,0,0,3,0
LONG01,7/26/2022,,JAR,Abigail Bower,n/a,46,6,n/a,n/a,37,22,1,23,161,45,-,16,0,13,3,17,0,154,617,1,6,21,0,0,29,29,29,34,3,1,0,0,1,0,0,0,0,0,0,0,2,0
LONG05,7/26/2022,2-Jan,,Jesse Homza,n/a,36,0,56,17,73,10,1,64,202,5,-,2,0,2,0,6,0,637,1036,0,11,456,0,1,55,56,52,18,4,12,0,0,0,0,0,0,0,0,0,0,7,0
IRON01,7/26/2022,,Jar,Abigail Bower,n/a,31,7,n/a,n/a,73,8,3,7,136,62,-,2,0,2,0,6,0,669,1005,0,33,108,0,0,112,112,99,35,0,2,0,0,0,0,0,0,0,0,0,0,0,2
LONG02,7/26/2022,2-Feb,JAR,Jesse Homza,n/a,1,0,0,0,0,3,0,0,6,0,-,11,0,11,0,1,1,1,22,1,0,3,0,0,0,0,0,1,0,0,0,0,0,0,0,0,0,0,0,0,0,0
IRON04,7/26/2022,,Jar,Jesse Homza,n/a,6,0,11,5,16,9,0,5,54,0,-,1,0,1,0,2,1,112,204,0,2,803,2,0,24,26,5,0,7,1,0,0,0,0,0,0,0,0,0,0,8,0
IRON02,7/26/2022,,JAR,Abigail Bower,n/a,7,19,2,2,4,21,0,8,106,40,-,3,0,3,0,21,0,37,255,3,4,1940,0,0,14,14,23,11,0,0,0,0,19,0,0,0,0,0,0,0,1,2
IRON06,7/26/2022,,JAR,Jesse Homza,n/a,16,0,26,10,36,24,1,15,101,0,-,3,0,2,1,4,0,234,430,3,4,1115,0,0,48,48,22,30,12,4,0,0,0,0,0,0,0,0,0,1,53,1
IRON05,7/26/2022,,Jar,Jesse Homza,n/a,12,0,11,7,18,23,1,10,94,2,-,1,0,0,1,3,0,174,337,2,9,743,0,0,47,47,6,11,8,0,0,0,0,0,0,0,0,0,0,2,8,1
LONG03,7/26/2022,2-Feb,,Jesse Homza,n/a,3,0,2,0,2,2,1,0,5,1,-,12,0,12,0,6,0,44,80,0,1,61,0,0,7,7,3,2,0,0,0,0,0,0,0,0,0,0,0,0,0,0
VIZC03,7/26/2022,,JAR,Abigial Bower,n/a,17,22,1,3,4,2,0,15,134,102,-,10,0,10,0,1,0,20,,0,7,596,0,3,33,36,9,42,0,0,0,0,62,0,0,0,0,0,0,0,,
LONG02,7/26/2022,2-Jan,,,,,,,,,,,,,,,,,,,,,,,,,,,,,,,,,,,,,,,,,,,,,
LONG04,7/26/2022,2-Jan,,,,,,,,,,,,,,,,,,,,,,,,,,,,,,,,,,,,,,,,,,,,,
VIZC01,7/26/2022,,Jar,Jesse Homza,n/a,5,6,11,8,19,13,0,25,156,0,-,13,0,12,1,8,1,105,345,1,8,364,3,0,14,17,12,15,2,1,0,0,0,0,0,0,0,0,0,0,12,1
VIZC02,7/26/2022,,Jar,Jesse Homza,n/a,27,0,6,0,6,14,3,6,178,0,-,3,0,3,0,3,0,245,482,0,15,1497,0,1,38,39,166,51,1,1,0,0,0,4,0,0,0,0,0,0,5,1
LONG04,7/26/2022,2-Feb,JAR,Greta Holliday,n/a,37,2,n/a,n/a,59,18,3,14,209,8,-,12,0,11,1,1,0,166,528,0,3,166,1,4,34,39,30,15,37,9,0,0,0,1,0,0,0,0,0,0,4,0
IRON04,8/10/2021,,,,,,,,,,,,,,,,,,,,,,,,,,,,,,,,,,,,,,,,,,,,,,
IRON02,8/10/2021,,,,,,,,,,,,,,,,,,,,,,,,,,,,,,,,,,,,,,,,,,,,,,
IRON06,7/10/2021,,,,,,,,,,,,,,,,,,,,,,,,,,,,,,,,,,,,,,,,,,,,,,
VIZC01,6/27/2022,,,,,,,,,,,,,,,,,,,,,,,,,,,,,,,,,,,,,,,,,,,,,,
LONG04,6/27/2022,,,,,,,,,,,,,,,,,,,,,,,,,,,,,,,,,,,,,,,,,,,,,,
IRON03,6/28/2022,,,,,,,,,,,,,,,,,,,,,,,,,,,,,,,,,,,,,,,,,,,,,,
IRON04,6/28/2022,,,,,,,,,,,,,,,,,,,,,,,,,,,,,,,,,,,,,,,,,,,,,,
LONG02,6/27/2022,,,,,,,,,,,,,,,,,,,,,,,,,,,,,,,,,,,,,,,,,,,,,,
LONG03,6/27/2022,,,,,,,,,,,,,,,,,,,,,,,,,,,,,,,,,,,,,,,,,,,,,,
LONG05,6/27/2022,,,,,,,,,,,,,,,,,,,,,,,,,,,,,,,,,,,,,,,,,,,,,,
VIZC03,6/27/2022,,,,,,,,,,,,,,,,,,,,,,,,,,,,,,,,,,,,,,,,,,,,,,
LONG04,6/27/2022,no tag inside bag,,,,,,,,,,,,,,,,,,,,,,,,,,,,,,,,,,,,,,,,,,,,,
VIZC02,6/27/2022,,,,,,,,,,,,,,,,,,,,,,,,,,,,,,,,,,,,,,,,,,,,,,
IRON05,6/27/2022,,,,,,,,,,,,,,,,,,,,,,,,,,,,,,,,,,,,,,,,,,,,,,
IRON01,6/27/2022,,,,,,,,,,,,,,,,,,,,,,,,,,,,,,,,,,,,,,,,,,,,,,
VIZC04,6/27/2022,,,,,,,,,,,,,,,,,,,,,,,,,,,,,,,,,,,,,,,,,,,,,,
IRON06,6/27/2022,,,,,,,,,,,,,,,,,,,,,,,,,,,,,,,,,,,,,,,,,,,,,,
IRON02,6/27/2022,,,,,,,,,,,,,,,,,,,,,,,,,,,,,,,,,,,,,,,,,,,,,,
LONG01,6/27/2022,,,,,,,,,,,,,,,,,,,,,,,,,,,,,,,,,,,,,,,,,,,,,,
LONG03,7/8/2021,,,,,,,,,,,,,,,,,,,,,,,,,,,,,,,,,,,,,,,,,,,,,,
IRON04,7/28/2021,,,,,,,,,,,,,,,,,,,,,,,,,,,,,,,,,,,,,,,,,,,,,,
IRON05,7/28/2021,dry- needs ethanol,,,,,,,,,,,,,,,,,,,,,,,,,,,,,,,,,,,,,,,,,,,,,
UVTest01,8/2/2021,"Note on bag says ""Bucket trap vanes + light tilted sideways""",,,,,,,,,,,,,,,,,,,,,,,,,,,,,,,,,,,,,,,,,,,,,
IRON06,7/21/2021,,,,,,,,,,,,,,,,,,,,,,,,,,,,,,,,,,,,,,,,,,,,,,
IRON01,6/24/2021,"note on bag says ""91 moths""",Jar,,,,,,,,,,,,,,,,,,,,,,,,,,,,,,,,,,,,,,,,,,,,
IRON03,6/24/2021,"Note on bag says ""120 moths""",JAR,Greta Holliday,n/a,0,0,3,0,3,0,0,0,0,0,-,0,0,0,0,0,0,43,46,0,4,38,0,0,3,3,3,7,5,0,0,0,0,0,0,0,0,0,0,0,0,0
VIZC03,6/29/2021,,JAR,Abigial Bower,n/a,16,6,0,1,1,0,0,15,114,40,-,0,0,0,0,0,0,70,,0,3,716,0,0,19,0,271,32,0,0,0,0,70,0,0,0,0,0,0,0,0,0
LONG01,7/21/2021,,,,,,,,,,,,,,,,,,,,,,,,,,,,,,,,,,,,,,,,,,,,,,
VIZC04,7/22/2021,,,,,,,,,,,,,,,,,,,,,,,,,,,,,,,,,,,,,,,,,,,,,,
LONG01,7/9/2021,Wasps,,,,,,,,,,,,,,,,,,,,,,,,,,,,,,,,,,,,,,,,,,,,,
LONG02,7/21/2021,,,,,,,,,,,,,,,,,,,,,,,,,,,,,,,,,,,,,,,,,,,,,,
IRON01,7/8/2021,wasps,,,,,,,,,,,,,,,,,,,,,,,,,,,,,,,,,,,,,,,,,,,,,
vizcaen,7/8/2021,NUMBER?,,,,,,,,,,,,,,,,,,,,,,,,,,,,,,,,,,,,,,,,,,,,,
IRON01,7/28/2021,TWO BAGS,,,,,,,,,,,,,,,,,,,,,,,,,,,,,,,,,,,,,,,,,,,,,
IRON06,7/28/2021,,,,,,,,,,,,,,,,,,,,,,,,,,,,,,,,,,,,,,,,,,,,,,
IRON02,7/28/2021,,,,,,,,,,,,,,,,,,,,,,,,,,,,,,,,,,,,,,,,,,,,,,
VIZC03,8/4/2021,,,,,,,,,,,,,,,,,,,,,,,,,,,,,,,,,,,,,,,,,,,,,,
VIZC03,7/28/2021,,,,,,,,,,,,,,,,,,,,,,,,,,,,,,,,,,,,,,,,,,,,,,
LONG03,7/8/2021,no tag in bag,,,,,,,,,,,,,,,,,,,,,,,,,,,,,,,,,,,,,,,,,,,,,
VIZC02,7/28/2021,Cows knocked over bucket trap,,,,,,,,,,,,,,,,,,,,,,,,,,,,,,,,,,,,,,,,,,,,,
IRON03,7/21/2021,,,,,,,,,,,,,,,,,,,,,,,,,,,,,,,,,,,,,,,,,,,,,,
LONG03,7/8/2021,,,,,,,,,,,,,,,,,,,,,,,,,,,,,,,,,,,,,,,,,,,,,,
IRON05,7/21/2021,,,,,,,,,,,,,,,,,,,,,,,,,,,,,,,,,,,,,,,,,,,,,,
VIZC02,7/29/2021,"Note says ""We just found wings and small ant like insects""",,,,,,,,,,,,,,,,,,,,,,,,,,,,,,,,,,,,,,,,,,,,,
LONG04,7/22/2021,,,,,,,,,,,,,,,,,,,,,,,,,,,,,,,,,,,,,,,,,,,,,,
VIZC04,7/21/2021,"Note says ""Trap fell over Repeat"" No tag in bag",,,,,,,,,,,,,,,,,,,,,,,,,,,,,,,,,,,,,,,,,,,,,
LONG05,7/22/2021,,,,,,,,,,,,,,,,,,,,,,,,,,,,,,,,,,,,,,,,,,,,,,
LONG03,7/22/2021,,,,,,,,,,,,,,,,,,,,,,,,,,,,,,,,,,,,,,,,,,,,,,
VIZC02,7/15/2021,,,,,,,,,,,,,,,,,,,,,,,,,,,,,,,,,,,,,,,,,,,,,,
VIZC01,8/4/2021,,,,,,,,,,,,,,,,,,,,,,,,,,,,,,,,,,,,,,,,,,,,,,
VIZC02,8/4/2021,,,,,,,,,,,,,,,,,,,,,,,,,,,,,,,,,,,,,,,,,,,,,,
IRON02,7/21/2021,,,,,,,,,,,,,,,,,,,,,,,,,,,,,,,,,,,,,,,,,,,,,,
VIZC04,7/15/2021,,,,,,,,,,,,,,,,,,,,,,,,,,,,,,,,,,,,,,,,,,,,,,
IRON01,7/21/2021,,,,,,,,,,,,,,,,,,,,,,,,,,,,,,,,,,,,,,,,,,,,,,
LONG05,7/15/2021,,,,,,,,,,,,,,,,,,,,,,,,,,,,,,,,,,,,,,,,,,,,,,
LONG04,7/22/2021,Note in bag says 07/23/21,,,,,,,,,,,,,,,,,,,,,,,,,,,,,,,,,,,,,,,,,,,,,
IRON043,7/26/2022,NUMBER?,,,,,,,,,,,,,,,,,,,,,,,,,,,,,,,,,,,,,,,,,,,,,
LONG02,7/22/2022,"For Carlos, duplicate or 1/2",JAR,Abigail Bower,n/a,62,51,19,16,35,19,0,34,40,-,-,7,0,4,3,9,7,64,886,12,5,84,0,9,24,27,4,223,-,0,-,0,-,0,0,0,0,0,0,0,1,15
LONG05,6/22/2021,duplicate or 1/2,JAR,Greta Holliday ,n/a,2,0,9,9,18,7,0,0,18,1,-,0,0,0,0,6,0,47,93,0,1,44,0,0,3,3,2,5,0,0,0,0,0,0,0,0,0,0,0,0,0,0
LONG04,6/22/2021,,,,,,,,,,,,,,,,,,,,,,,,,,,,,,,,,,,,,,,,,,,,,,
LONG05,6/22/2021,duplicate or 2/2,JAR,Jesse Homza,n/a,20,2,27,43,70,34,3,4,195,0,-,0,0,5,0,18,0,367,705,7,5,80,0,0,14,14,19,24,0,0,0,0,0,0,0,0,0,0,0,0,1,1
LONG02,6/22/2021,duplicate or 2/2,JAR,Jesse Homza,n/a,3,1,0,1,1,16,1,3,68,0,-,20,0,16,4,11,0,14,129,2,0,46,0,1,2,3,0,10,0,0,0,0,0,0,0,0,0,0,0,0,0,0
IRON03,6/24/2021,,,,,,,,,,,,,,,,,,,,,,,,,,,,,,,,,,,,,,,,,,,,,,
IRON05,6/24/2021,,JAR,Jesse Homza,n/a,11,0,1,1,2,1,0,4,20,0,-,0,0,1,0,5,0,22,67,1,0,15,0,0,5,5,2,7,0,0,0,0,0,0,0,0,0,0,0,0,1,0
IRON06,6/24/2021,,JAR,Jesse Homza,n/a,4,3,4,8,12,4,,,,,,,,,,,,,,,,,,,,,,,,,,,,,,,,,,,,
IRON02,6/24/2021,,JAR,Jesse Homza,n/a,19,0,18,10,28,27,5,4,74,5,-,9,9,4,0,19,0,277,449,6,6,315,1,1,23,25,14,29,0,0,0,0,0,0,0,1,0,0,0,0,0,3
IRON01,6/24/2021,,JAR,Jesse Homza,n/a,0,0,0,0,0,0,0,0,0,0,-,0,0,0,0,0,0,46,46,0,1,37,0,1,19,20,11,3,0,0,0,0,0,0,0,0,0,0,0,0,0,1
LONG01,8/11/2021,,JAR,Greta Holliday,n/a,0,0,2,1,3,0,0,0,5,0,-,1,0,1,0,0,0,5,14,0,2,17,0,3,6,9,10,0,4,0,0,0,0,0,0,0,0,0,0,0,0,0
LONG04,8/11/2021,,JAR,Greta Holliday,n/a,3,0,4,1,5,6,0,0,17,0,-,0,0,0,0,6,0,8,39,0,2,10,0,20,9,29,3,1,0,0,0,0,0,0,0,0,0,0,0,0,1,0
VIZC04,8/10/2021,,JAR,Greta Holliday,n/a,15,0,13,14,27,5,0,0,59,3,-,1,0,1,0,1,3,48,158,0,0,135,0,3,17,20,41,17,6,0,0,0,0,0,0,0,1,0,0,0,1,0
LONG03,8/11/2021,,JAR,Greta Holliday,n/a,2,0,6,1,7,0,0,0,2,0,-,0,0,0,0,0,0,25,36,0,1,13,0,0,7,7,7,2,0,0,0,0,0,1,0,0,0,0,0,0,3,2
LONG05,8/11/2021,,JAR,Greta Holliday,n/a,0,0,2,2,4,6,0,0,20,0,-,0,0,0,0,0,5,24,54,0,1,15,2,5,5,12,5,1,0,0,0,0,0,0,0,0,0,0,0,0,0,0
VIZC01,8/12/2021,,JAR,Abigail Bower,n/a,13,16,0,2,2,0,0,2,89,23,-,0,0,0,0,0,5,5,169,0,2,96,0,1,10,308,4,19,0,0,0,0,12,0,0,0,0,0,0,0,0,0
VIZC03,8/10/2021,,JAR,Abigail Bower,n/a,8,7,1,0,1,2,0,0,54,5,-,1,0,1,0,1,1,11,82,0,0,12,0,3,4,7,0,7,0,0,0,0,2,0,0,0,0,0,0,0,0,2
VIZC02,8/10/2021,,JAR,Greta Holliday,n/a,6,0,9,2,11,4,0,0,27,0,-,2,0,2,0,0,3,22,72,0,0,24,0,9,8,17,5,10,0,0,1,0,0,0,0,0,0,0,0,0,0,0
IRON03,8/10/2021,,JAR,Greta Holliday,n/a,0,0,0,1,1,2,0,0,4,0,-,1,0,1,0,0,0,6,14,0,5,15,0,4,2,6,10,0,0,0,0,0,0,0,0,0,0,0,0,0,0,0
LONG02,8/11/2021,2-Jan,JAR,Greta Holliday,n/a,34,3,16,31,47,3,0,0,60,5,-,0,0,0,0,1,0,1632,"1,784",0,19,244,0,53,42,95,202,16,3,1,1,0,1,0,0,0,0,0,0,0,4,1
LONG02,8/11/2021,2-Feb,JAR,Abigail Bower,n/a,5,6,0,0,0,9,,0,18,0,-,2,0,2,0,0,9,3,44,0,1,16,0,0,4,9,1,0,0,0,0,0,1,0,0,0,0,0,0,0,2,
IRON05,8/10/2021,,JAR,Greta Holliday,n/a,0,0,3,0,3,3,0,0,11,0,-,0,0,0,0,0,3,4,12,0,2,9,0,0,2,2,1,0,0,0,0,0,0,0,0,0,0,0,0,0,0,0
VIZC03,6/29/2021,,,,,,,,,,,,,,,,,,,,,,,,,,,,,,,,,,,,,,,,,,,,,,
VIZC04,6/29/2021,,,,,,,,,,,,,,,,,,,,,,,,,,,,,,,,,,,,,,,,,,,,,,
VIZC02,6/29/2021,,,,,,,,,,,,,,,,,,,,,,,,,,,,,,,,,,,,,,,,,,,,,,
VIZC01,7/21/2021,,JAR,Jesse Homza,n/a,10,0,1,1,2,1,0,4,51,0,-,1,0,1,0,1,1,96,169,3,3,47,1,4,23,28,14,20,1,0,0,0,0,0,0,0,0,0,0,0,1,2
VIZC04,6/29/2021,,JAR,Greta Holliday,n/a,33,7,n/a,n/a,45,39,4,28,108,4,-,18,0,17,1,21,0,237,523,0,14,34,0,2,37,39,141,192,10,8,0,0,1,0,0,0,0,0,0,0,8,1
VIZC03,6/29/2020,,,,,,,,,,,,,,,,,,,,,,,,,,,,,,,,,,,,,,,,,,,,,,
IRON04,7/15/2021,,JAR,Greta Holliday,n/a,1,1,16,8,24,5,0,3,68,0,-,1,0,1,0,4,0,56,159,0,10,226,1,5,19,25,41,5,10,0,0,0,0,0,0,0,0,0,0,0,2,3
LONG04,7/8/2021,,JAR,Abigail Bower,n/a,31,99,17,13,30,4,3,6,203,0,-,10,0,11,0,3,0,32,503,1,2,1,0,2,30,32,1,12,0,0,0,0,11,0,0,0,0,0,0,0,0,31
LONG04,7/8/2021,Two separated days got to jars both labled and dated LONG 04 7/8/21. Rechecked both lables and they are both for this spot and this day but d not indicate 1/2,JAR,Abigail Bower,n/a,3,3,0,3,3,4,0,4,27,1,-,4,0,4,0,4,0,12,67,6,0,43,0,0,5,5,5,3,0,0,0,0,2,0,0,0,0,0,0,0,0,12
LONG04,7/15/2021,,JAR,Greta Holliday,n/a,9,2,8,26,34,2,1,11,161,1,-,1,0,1,0,2,0,100,323,5,4,63,0,15,17,32,1,1,3,0,0,0,0,0,0,0,0,0,0,0,1,2
IRON02,7/15/2021,,JAR,Greta Holliday,n/a,3,3,3,2,5,13,0,4,45,1,-,2,0,1,0,3,1,18,94,0,0,25,1,3,8,12,2,2,3,0,0,0,0,0,0,0,0,0,1,0,2,0
IRON05,7/8/2021,,,,,,,,,,,,,,,,,,,,,,,,,,,,,,,,,,,,,,,,,,,,,,
IRON02,7/8/2021,**on 7/7/2023 I changed this date from 7/7/2021 to 7/8/2021 to match the jar,JAR,Greta Holliday,n/a,1,1,0,2,2,19,0,4,40,0,-,7,0,7,0,11,0,19,93,0,1,50,0,0,6,6,1,3,0,0,0,0,0,0,0,0,0,0,0,0,1,0
IRON05,7/15/2021,,JAR,Greta Holliday,n/a,6,3,n/a,n/a,25,28,1,12,72,1,-,1,0,1,0,24,0,105,254,1,6,33,0,2,36,38,26,8,669,0,0,0,0,0,0,0,0,0,0,0,2,1
IRON06,7/8/2021,,JAR,Greta Holliday,n/a,12,3,2,5,7,3,1,7,41,2,-,3,0,3,0,0,0,57,140,4,1,137,0,0,30,30,1,7,0,1,0,0,0,0,0,0,0,0,0,0,1,0
LONG02,7/15/2021,,JAR,Greta Holliday,n/a,1,0,1,2,3,7,0,7,21,1,-,0,0,0,0,4,0,6,41,0,3,3,0,1,3,4,3,1,1,0,0,0,0,4,0,0,0,0,0,0,0,0
VIZC03,7/15/2021,,,,,,,,,,,,,,,,,,,,,,,,,,,,,,,,,,,,,,,,,,,,,,
IRON05,8/4/2021,,,,,,,,,,,,,,,,,,,,,,,,,,,,,,,,,,,,,,,,,,,,,,
IRON04,8/4/2021,"Tag inside says 08/05, outside says 04, all others say 8/4--- ASK",JAR,Greta Holliday,n/a,17,3,20,41,61,3,0,0,37,12,-,0,0,0,0,1,2,497,630,0,48,502,0,191,48,239,339,18,8,1,1,2,1,0,0,0,0,0,0,0,49,5
IRON01,8/4/2021,,,,,,,,,,,,,,,,,,,,,,,,,,,,,,,,,,,,,,,,,,,,,,
IRON01/03,8/4/2021,"Tag says Iron 01, bottle says Iron 03",,,,,,,,,,,,,,,,,,,,,,,,,,,,,,,,,,,,,,,,,,,,,
LONG05,8/4/2021,"Tag inside did not say date, tag with date added",,,,,,,,,,,,,,,,,,,,,,,,,,,,,,,,,,,,,,,,,,,,,
LONG04,8/4/2021,"Tag inside says 8/04, label on jar says 8/05,",JAR,Greta Holliday,n/a,68,2,48,34,82,17,0,0,55,10,-,0,0,0,0,0,16,711,945,0,80,197,0,63,74,138,295,13,55,3,1,0,0,0,0,0,0,0,0,0,7,34
LONG03/02,8/4/2021,"Tag inside says 8/04, label on jar says 8/05",,,,,,,,,,,,,,,,,,,,,,,,,,,,,,,,,,,,,,,,,,,,,
LONG01,8/4/2021,,,,,,,,,,,,,,,,,,,,,,,,,,,,,,,,,,,,,,,,,,,,,,
IRON03,7/12/2021,Maybe this is a typo? There is a IRON03 7/15/21 jar (I'm going to add this to the bottom of the document),,,,,,,,,,,,,,,,,,,,,,,,,,,,,,,,,,,,,,,,,,,,,
VIZC01,7/8/2021,,,,,,,,,,,,,,,,,,,,,,,,,,,,,,,,,,,,,,,,,,,,,,
LONG01,8/9/2021,Tag says08/09 but the jar says 7/9--ID'ed jar says 7/9,JAR,Greta Holliday,n/a,4,1,1,8,9,14,0,15,149,1,-,12,0,11,1,14,0,29,234,2,1,10,0,0,6,6,0,9,0,2,0,0,0,0,0,0,0,0,0,0,0,0
IRON04,7/8/2021,,,,,,,,,,,,,,,,,,,,,,,,,,,,,,,,,,,,,,,,,,,,,,
VIZC03,7/8/2021,,,,,,,,,,,,,,,,,,,,,,,,,,,,,,,,,,,,,,,,,,,,,,
IRON01,7/8/2021,,,,,,,,,,,,,,,,,,,,,,,,,,,,,,,,,,,,,,,,,,,,,,
LONG05,7/8/2021,,,,,,,,,,,,,,,,,,,,,,,,,,,,,,,,,,,,,,,,,,,,,,
LONG01,7/8/2021,"Tag says long 01, jar says long 02",JAR,Abigail Bower,n/a,1,0,0,0,0,0,0,0,2,0,-,0,0,0,0,0,0,6,57,47,3,13,0,0,0,0,2,1,0,0,0,0,0,0,0,0,0,0,0,0,0,96
VIZC04,7/18/2021,"SLUDGE, barely anything was identifable ",,,,,,,,,,,,,,,,,,,,,,,,,,,,,,,,,,,,,,,,,,,,,
VIZC02,7/22/2021,,,,,,,,,,,,,,,,,,,,,,,,,,,,,,,,,,,,,,,,,,,,,,
IRON01,7/16/2021,"Tag says 7/15, jar says 7/16",,,,,,,,,,,,,,,,,,,,,,,,,,,,,,,,,,,,,,,,,,,,,
LONG03,7/15/2021,Lots of moths without heads and/or wings,JAR,Abigail Bower,n/a,35,66,14,39,53,42,3,17,91,2,-,12,0,12,0,42,0,36,373,2,4,9,0,1,30,31,4,20,0,0,0,0,15,0,0,0,0,0,0,0,0,34
VIZC01,7/15/2021,,,,,,,,,,,,,,,,,,,,,,,,,,,,,,,,,,,,,,,,,,,,,,
LONG03,6/22/2021,wasps,,,,,,,,,,,,,,,,,,,,,,,,,,,,,,,,,,,,,,,,,,,,,
LONG05,6/22/2021,wasps,,,,,,,,,,,,,,,,,,,,,,,,,,,,,,,,,,,,,,,,,,,,,
IBO,5-Aug,Wasps,,,,,,,,,,,,,,,,,,,,,,,,,,,,,,,,,,,,,,,,,,,,,
IRON05,6/24/2021,Wasps,,,,,,,,,,,,,,,,,,,,,,,,,,,,,,,,,,,,,,,,,,,,,
IRON01,6/24/2021,Wasps,,,,,,,,,,,,,,,,,,,,,,,,,,,,,,,,,,,,,,,,,,,,,
IRON03,6/24/2021,Wasps,,,,,,,,,,,,,,,,,,,,,,,,,,,,,,,,,,,,,,,,,,,,,
LONG01,6/22/2021,wasps,,,,,,,,,,,,,,,,,,,,,,,,,,,,,,,,,,,,,,,,,,,,,
UV1,7/29/2020,wasps,,,,,,,,,,,,,,,,,,,,,,,,,,,,,,,,,,,,,,,,,,,,,
IBO,8/5/2020,No tag,,,,,,,,,,,,,,,,,,,,,,,,,,,,,,,,,,,,,,,,,,,,,
UV1 ,7/29/2020,,,,,,,,,,,,,,,,,,,,,,,,,,,,,,,,,,,,,,,,,,,,,,
UV3,7/29/2020,,,,,,,,,,,,,,,,,,,,,,,,,,,,,,,,,,,,,,,,,,,,,,
UV3,7/28/2020,jar says ID,,,,,,,,,,,,,,,,,,,,,,,,,,,,,,,,,,,,,,,,,,,,,
UV2,7/29/2022,Empty Jar,,,,,,,,,,,,,,,,,,,,,,,,,,,,,,,,,,,,,,,,,,,,,
IBO-UV3,8/5/2020,Two Jars in one bag with the same label,,,,,,,,,,,,,,,,,,,,,,,,,,,,,,,,,,,,,,,,,,,,,
UV5,7/28/2020,,,,,,,,,,,,,,,,,,,,,,,,,,,,,,,,,,,,,,,,,,,,,,
UV1,7/28/2020,,,,,,,,,,,,,,,,,,,,,,,,,,,,,,,,,,,,,,,,,,,,,,
IBO- UV2,3/5/2020,,,,,,,,,,,,,,,,,,,,,,,,,,,,,,,,,,,,,,,,,,,,,,
IBO- UV2,8/5/2020,,,,,,,,,,,,,,,,,,,,,,,,,,,,,,,,,,,,,,,,,,,,,,
IBO- UV2,8/5/2020,,,,,,,,,,,,,,,,,,,,,,,,,,,,,,,,,,,,,,,,,,,,,,
IBO,8/5/2020,,,,,,,,,,,,,,,,,,,,,,,,,,,,,,,,,,,,,,,,,,,,,,
ID-UV1,7/29/2020,,,,,,,,,,,,,,,,,,,,,,,,,,,,,,,,,,,,,,,,,,,,,,
ID-UV4,7/29/2020,,,,,,,,,,,,,,,,,,,,,,,,,,,,,,,,,,,,,,,,,,,,,,
UV3,7/29/2020,,,,,,,,,,,,,,,,,,,,,,,,,,,,,,,,,,,,,,,,,,,,,,
Top of Iron mine UV6,7/28/2020,NAME?,,,,,,,,,,,,,,,,,,,,,,,,,,,,,,,,,,,,,,,,,,,,,
ID-UV2,7/28/2020,,,,,,,,,,,,,,,,,,,,,,,,,,,,,,,,,,,,,,,,,,,,,,
Long Canyon 5,7/29/2020,#NAME?,,,,,,,,,,,,,,,,,,,,,,,,,,,,,,,,,,,,,,,,,,,,,
LONG01,6/22/2021,Vial,wasps,,,,,,,,,,,,,,,,,,,,,,,,,,,,,,,,,,,,,,,,,,,,
LONG01,7/29/2020,Vial,Geometridae,Needs ethanol,,,,,,,,,,,,,,,,,,,,,,,,,,,,,,,,,,,,,,,,,,,
UV2,7/29/2020,Vial,Noctuidae,,,,,,,,,,,,,,,,,,,,,,,,,,,,,,,,,,,,,,,,,,,,
UV2,7/29/2020,Vial,noctuidae,,,,,,,,,,,,,,,,,,,,,,,,,,,,,,,,,,,,,,,,,,,,
UV2,7/29/2020,Vial,noctuidae,,,,,,,,,,,,,,,,,,,,,,,,,,,,,,,,,,,,,,,,,,,,
UV2,7/29/2020,Vial,Laseocampidae,,,,,,,,,,,,,,,,,,,,,,,,,,,,,,,,,,,,,,,,,,,,
UV 2,7/29/2020,Vial,Trichoptera,,,,,,,,,,,,,,,,,,,,,,,,,,,,,,,,,,,,,,,,,,,,
UV2,7/29/2020,Vial,Diptera,,,,,,,,,,,,,,,,,,,,,,,,,,,,,,,,,,,,,,,,,,,,
UV2,7/29/2020,Vial,Hemiptera,,,,,,,,,,,,,,,,,,,,,,,,,,,,,,,,,,,,,,,,,,,,
UV2,7/29/2020,Vial,Hymen:W,Needs ethanol,,,,,,,,,,,,,,,,,,,,,,,,,,,,,,,,,,,,,,,,,,,
UV2,7/29/2020,Vial,Small,,,,,,,,,,,,,,,,,,,,,,,,,,,,,,,,,,,,,,,,,,,,
UV2,7/29/2020,Vial,Pyraloidea,,,,,,,,,,,,,,,,,,,,,,,,,,,,,,,,,,,,,,,,,,,,
UV2,7/29/2020,Vial,sphingidae,,,,,,,,,,,,,,,,,,,,,,,,,,,,,,,,,,,,,,,,,,,,
UV,7/29/2020,Vial,nototidae,,,,,,,,,,,,,,,,,,,,,,,,,,,,,,,,,,,,,,,,,,,,
UV2,7/29/2020,Vial,Pterophoridae,,,,,,,,,,,,,,,,,,,,,,,,,,,,,,,,,,,,,,,,,,,,
UV2,7/29/2020,Vial,Erebidae,,,,,,,,,,,,,,,,,,,,,,,,,,,,,,,,,,,,,,,,,,,,
UV2,7/29/2020,Vial,Thrips,,,,,,,,,,,,,,,,,,,,,,,,,,,,,,,,,,,,,,,,,,,,
IRON03,8/4/2021,couldn't find this jar listed above,JAR,Greta Holliday,n/a,26,2,11,47,58,0,0,0,58,7,-,0,0,0,0,0,0,326,478,0,82,502,0,200,41,242,343,24,22,5,0,0,0,0,4,0,0,0,0,0,8,10
IRON06,8/10/2021,couldn't find this jar listed above,JAR,Greta Holliday,n/a,3,0,2,0,2,0,0,0,2,0,-,1,0,1,0,0,0,7,15,0,0,14,0,3,4,7,2,4,1,0,0,0,0,0,0,0,0,0,0,0,0,1
IRON03,7/15/2021,couldn't find this jar listed above,JAR,Greta Holliday,n/a,5,3,2,12,14,10,0,7,75,14,-,1,0,1,0,8,1,42,171,2,1,32,0,0,14,14,2,0,1,0,0,0,0,0,0,0,0,0,0,0,2,0
LONG02,7/8/2021,couldn't find this jar listed above,JAR,Greta Holliday,n/a,9,1,3,7,10,24,0,10,138,1,-,16,0,15,1,12,0,44,253,3,4,36,0,0,8,8,0,7,0,0,0,0,0,0,0,0,0,0,0,0,0,4
IRON01,7/15/2021,couldn't find this jar listed above,JAR,Abigail Bower,n/a,7,3,3,7,10,11,1,2,54,7,-,0,0,0,0,11,0,57,151,1,0,16,0,0,34,34,6,2,0,0,0,0,8,0,0,0,0,0,0,0,0,4
LONG01,7/15/2021,couldn't find this jar listed above,JAR,Abigail Bower,n/a,6,9,1,0,1,16,0,1,84,5,-,4,0,4,0,16,0,30,162,3,0,48,0,5,6,12,5,4,0,0,0,0,3,0,0,0,0,0,0,0,0,3
VIZC01,7/18/2022,couldn't find this jar listed above,JAR,Jesse Homza,n/a,0,1,0,0,0,4,1,0,23,0,-,16,0,14,2,2,0,15,62,0,1,79,1,0,11,12,6,2,0,0,0,0,0,0,0,0,0,0,0,0,1,1
VIZC01,6/28/2021,couldn't find this jar listed above,JAR,Greta Holliday,n/a,12,1,n/a,n/a,48,21,4,11,134,4,-,10,0,10,0,17,0,126,371,0,4,42,0,4,35,39,8,27,23,0,0,0,0,0,0,0,0,0,0,0,4,3
IRON01,8/10/2021,"couldn't find this jar listed above, ants ate the moth bodies",JAR,Greta Holliday,n/a,2,0,n/a,n/a,7,5,0,0,2,0,-,0,0,0,0,0,5,20,36,21,2,19,0,1,13,14,10,2,7,0,0,0,0,0,0,0,0,0,0,0,2,1
VIZC02,7/18/2022,,JAR,Jesse Homza,n/a,0,1,2,0,2,10,0,2,57,0,-,6,0,5,1,1,0,39,117,0,4,153,0,0,8,8,3,16,0,0,0,0,0,0,0,0,0,0,0,0,0,0
